71519,"Такролімус"
71519,"ЖЕЛАТИН"
71519,"Тартразин"
71519,"SUNSET ЖОВТИЙ (E110) АЛЮМІНІЄВИЙ ЛАК (E110)"
71519,"Пропіленгліколь"
71519,"ЛЕЦИТИН СОЄВИЙ"
71519,"Етилцелюлоза 100 мПа.с"
71519,"Титану діоксид"
71519,"Симетикон"
71519,"Гіпромелоза 2910, 3 мПа·с"
71519,"ЖЕЛАТИН"
71519,"*червоний чарівний ас е 129"
71519,"Лактози моногідрат"
71519,"ШЕЛАК"
71519,"Лактози моногідрат"
71519,"Бутиловий спирт"
71519,"Магнію стеарат"
71519,"Червоний алюмінієвий лак"
71519,"SUNSET ЖОВТИЙ (E110) АЛЮМІНІЄВИЙ ЛАК (E110)"
71519,"Діамантовий синій алюмінієвий лак fcf (e133)"
71519,"*брильянтовий синій"
71519,"Титану діоксид"
71519,"Ізопропіловий спирт"
71514,"Агомелатин"
71514,"Лактози моногідрат"
71514,"Кукурудзяний крохмаль"
71514,"Повідон"
71514,"НАТРІЮ КРОХМАЛЬГЛІКОЛЯТ (ТИП А) PH. EUR."
71514,"Стеаринова кислота"
71514,"Магнію стеарат"
71514,"*кремнію діоксид колоїдний зневоднений"
71514,"Гіпромелоза"
71514,"ОКСИД ЗАЛІЗА ЖОВТИЙ (E172)"
71514,"*гліцерин"
71514,"Макрогол 6000"
71514,"Титану діоксид"
71513,"Агомелатин"
71513,"Лактози моногідрат"
71513,"Кукурудзяний крохмаль"
71513,"Повідон"
71513,"НАТРІЮ КРОХМАЛЬГЛІКОЛЯТ (ТИП А) PH. EUR."
71513,"Стеаринова кислота"
71513,"Магнію стеарат"
71513,"*кремнію діоксид колоїдний зневоднений"
71513,"Гіпромелоза"
71513,"ОКСИД ЗАЛІЗА ЖОВТИЙ (E172)"
71513,"*гліцерин"
71513,"Макрогол 6000"
71513,"Титану діоксид"
71507,"Агомелатин"
71507,"Лактози моногідрат"
71507,"Кукурудзяний крохмаль"
71507,"Повідон"
71507,"НАТРІЮ КРОХМАЛЬГЛІКОЛЯТ (ТИП А) PH. EUR."
71507,"Стеаринова кислота"
71507,"Магнію стеарат"
71507,"*кремнію діоксид колоїдний зневоднений"
71507,"Гіпромелоза"
71507,"ОКСИД ЗАЛІЗА ЖОВТИЙ (E172)"
71507,"*гліцерин"
71507,"Макрогол 6000"
71507,"Титану діоксид"
71506,"Агомелатин"
71506,"Лактози моногідрат"
71506,"Кукурудзяний крохмаль"
71506,"Повідон"
71506,"НАТРІЮ КРОХМАЛЬГЛІКОЛЯТ (ТИП А) PH. EUR."
71506,"Стеаринова кислота"
71506,"Магнію стеарат"
71506,"*кремнію діоксид колоїдний зневоднений"
71506,"Гіпромелоза"
71506,"ОКСИД ЗАЛІЗА ЖОВТИЙ (E172)"
71506,"*гліцерин"
71506,"Макрогол 6000"
71506,"Титану діоксид"
71495,"Етацизин"
71495,"КАРТОПЛЯНИЙ КРОХМАЛЬ"
71495,"Метилцелюлоза"
71495,"Сахароза"
71495,"СТЕАРАТ КАЛЬЦІЮ"
71495,"Повідон"
71495,"Кальцію карбонат"
71495,"МАГНІЮ КАРБОНАТ, ЛЕГКИЙ"
71495,"КАРНАУБСЬКИЙ ВІСК"
71495,"Хіноліновий жовтий (E 104)"
71495,"SUNSET ЖОВТИЙ (E110) АЛЮМІНІЄВИЙ ЛАК (E110)"
71495,"Титану діоксид"
71495,"*кремнію діоксид колоїдний зневоднений"
71439,"Адеметіонін"
71439,"*кремнію діоксид колоїдний зневоднений"
71439,"НАТРІЮ КРОХМАЛЬГЛІКОЛЯТ (ТИП А) PH. EUR."
71439,"Магнію стеарат"
71439,"ЦЕЛЮЛОЗА МІКРОКРИСТАЛІЧНА"
71439,"*метакрилатного сополімеру дисперсія"
71439,"*поліетиленгліколь"
71439,"Тальк"
71439,"Симетикону емульсія"
71439,"Полісорбат 80"
71439,"Натрію гідроксид"
71386,"Бензоїлу пероксид"
71386,"Адапален"
71386,"Симульгель 600 PHA"
71386,"Докузат натрій"
71386,"Динатрію едетат"
71386,"Полоксамер 124"
71386,"Пропіленгліколь"
71386,"ВОДА, ОЧИЩЕНА"
71386,"*гліцерин"
71385,"Бензоїлу пероксид"
71385,"Адапален"
71385,"Симульгель 600 PHA"
71385,"Докузат натрій"
71385,"Динатрію едетат"
71385,"Полоксамер 124"
71385,"Пропіленгліколь"
71385,"ВОДА, ОЧИЩЕНА"
71385,"*гліцерин"
71384,"Бензоїлу пероксид"
71384,"Адапален"
71384,"Симульгель 600 PHA"
71384,"Докузат натрій"
71384,"Динатрію едетат"
71384,"*гліцерин"
71384,"Полоксамер 124"
71384,"Пропіленгліколь"
71384,"ВОДА, ОЧИЩЕНА"
71383,"Бензоїлу пероксид"
71383,"Адапален"
71383,"Симульгель 600 PHA"
71383,"Докузат натрій"
71383,"Динатрію едетат"
71383,"Полоксамер 124"
71383,"Пропіленгліколь"
71383,"ВОДА, ОЧИЩЕНА"
71383,"*гліцерин"
71382,"Бензоїлу пероксид"
71382,"Адапален"
71382,"Симульгель 600 PHA"
71382,"Докузат натрій"
71382,"Динатрію едетат"
71382,"Полоксамер 124"
71382,"Пропіленгліколь"
71382,"ВОДА, ОЧИЩЕНА"
71382,"*гліцерин"
71332,"Дифтерійний анатоксин"
71332,"Правцевий анатоксин"
71332,"Кашлюковий анатоксин адсорбований"
71332,"Нитчастий гемаглютинін"
71332,"Поліовірус (інактивований) типу 1 (штам Mahoney), вироблений на клітинах vero"
71332,"Поліовірус (інактивований) типу 2 (штам MEF-1), вироблений на клітинах vero"
71332,"Поліовірус (інактивований) типу 3 (штам Saukett), вироблений на клітинах vero"
71332,"ПОВЕРХНЕВИЙ АНТИГЕН ВІРУСУ ГЕПАТИТУ В РЕКОМБІНАНТНИЙ"
71332,"Полісахарид Haemophilus influenzae типу В (полірибосилрибітолу фосфат)"
71332,"*полірибозилрибітол фосфат, кон’югований з правцевим протеїном"
71332,"*динатрію гідрофосфат дигідрат"
71332,"Калію дигідрофосфат"
71332,"Трометамол"
71332,"Сахароза"
71332,"НЕЗАМІННІ АМІНОКИСЛОТИ"
71332,"*гідроксид натрію та/або оцтова кислота та/або хлористоводнева кислота (для корекції рівня ph)"
71332,"Вода для ін'єкцій"
71331,"Дифтерійний анатоксин"
71331,"Правцевий анатоксин"
71331,"Кашлюковий анатоксин адсорбований"
71331,"Нитчастий гемаглютинін"
71331,"Поліовірус (інактивований) типу 1 (штам Mahoney), вироблений на клітинах vero"
71331,"Поліовірус (інактивований) типу 2 (штам MEF-1), вироблений на клітинах vero"
71331,"Поліовірус (інактивований) типу 3 (штам Saukett), вироблений на клітинах vero"
71331,"ПОВЕРХНЕВИЙ АНТИГЕН ВІРУСУ ГЕПАТИТУ В РЕКОМБІНАНТНИЙ"
71331,"Полісахарид Haemophilus influenzae типу В (полірибосилрибітолу фосфат)"
71331,"*полірибозилрибітол фосфат, кон’югований з правцевим протеїном"
71331,"*динатрію гідрофосфат дигідрат"
71331,"Калію дигідрофосфат"
71331,"Трометамол"
71331,"Сахароза"
71331,"НЕЗАМІННІ АМІНОКИСЛОТИ"
71331,"*гідроксид натрію та/або оцтова кислота та/або хлористоводнева кислота (для корекції рівня ph)"
71331,"Вода для ін'єкцій"
71330,"Дифтерійний анатоксин"
71330,"Правцевий анатоксин"
71330,"Кашлюковий анатоксин адсорбований"
71330,"Нитчастий гемаглютинін"
71330,"Поліовірус (інактивований) типу 1 (штам Mahoney), вироблений на клітинах vero"
71330,"Поліовірус (інактивований) типу 2 (штам MEF-1), вироблений на клітинах vero"
71330,"Поліовірус (інактивований) типу 3 (штам Saukett), вироблений на клітинах vero"
71330,"ПОВЕРХНЕВИЙ АНТИГЕН ВІРУСУ ГЕПАТИТУ В РЕКОМБІНАНТНИЙ"
71330,"Полісахарид Haemophilus influenzae типу В (полірибосилрибітолу фосфат)"
71330,"*полірибозилрибітол фосфат, кон’югований з правцевим протеїном"
71330,"*динатрію гідрофосфат дигідрат"
71330,"Калію дигідрофосфат"
71330,"Трометамол"
71330,"Сахароза"
71330,"НЕЗАМІННІ АМІНОКИСЛОТИ"
71330,"*гідроксид натрію та/або оцтова кислота та/або хлористоводнева кислота (для корекції рівня ph)"
71330,"Вода для ін'єкцій"
71329,"Дифтерійний анатоксин"
71329,"Правцевий анатоксин"
71329,"Кашлюковий анатоксин адсорбований"
71329,"Нитчастий гемаглютинін"
71329,"Поліовірус (інактивований) типу 1 (штам Mahoney), вироблений на клітинах vero"
71329,"Поліовірус (інактивований) типу 2 (штам MEF-1), вироблений на клітинах vero"
71329,"Поліовірус (інактивований) типу 3 (штам Saukett), вироблений на клітинах vero"
71329,"ПОВЕРХНЕВИЙ АНТИГЕН ВІРУСУ ГЕПАТИТУ В РЕКОМБІНАНТНИЙ"
71329,"Полісахарид Haemophilus influenzae типу В (полірибосилрибітолу фосфат)"
71329,"*полірибозилрибітол фосфат, кон’югований з правцевим протеїном"
71329,"*динатрію гідрофосфат дигідрат"
71329,"Калію дигідрофосфат"
71329,"Трометамол"
71329,"Сахароза"
71329,"НЕЗАМІННІ АМІНОКИСЛОТИ"
71329,"*гідроксид натрію та/або оцтова кислота та/або хлористоводнева кислота (для корекції рівня ph)"
71329,"Вода для ін'єкцій"
71328,"*полірибозилрибітол фосфат, кон’югований з правцевим протеїном"
71328,"Дифтерійний анатоксин"
71328,"Правцевий анатоксин"
71328,"Кашлюковий анатоксин адсорбований"
71328,"Нитчастий гемаглютинін"
71328,"Поліовірус (інактивований) типу 1 (штам Mahoney), вироблений на клітинах vero"
71328,"Поліовірус (інактивований) типу 2 (штам MEF-1), вироблений на клітинах vero"
71328,"Поліовірус (інактивований) типу 3 (штам Saukett), вироблений на клітинах vero"
71328,"ПОВЕРХНЕВИЙ АНТИГЕН ВІРУСУ ГЕПАТИТУ В РЕКОМБІНАНТНИЙ"
71328,"Полісахарид Haemophilus influenzae типу В (полірибосилрибітолу фосфат)"
71328,"*динатрію гідрофосфат дигідрат"
71328,"Калію дигідрофосфат"
71328,"Трометамол"
71328,"Сахароза"
71328,"НЕЗАМІННІ АМІНОКИСЛОТИ"
71328,"*гідроксид натрію та/або оцтова кислота та/або хлористоводнева кислота (для корекції рівня ph)"
71328,"Вода для ін'єкцій"
71327,"Дифтерійний анатоксин"
71327,"Правцевий анатоксин"
71327,"Кашлюковий анатоксин адсорбований"
71327,"Нитчастий гемаглютинін"
71327,"Поліовірус (інактивований) типу 1 (штам Mahoney), вироблений на клітинах vero"
71327,"Поліовірус (інактивований) типу 2 (штам MEF-1), вироблений на клітинах vero"
71327,"Поліовірус (інактивований) типу 3 (штам Saukett), вироблений на клітинах vero"
71327,"ПОВЕРХНЕВИЙ АНТИГЕН ВІРУСУ ГЕПАТИТУ В РЕКОМБІНАНТНИЙ"
71327,"Полісахарид Haemophilus influenzae типу В (полірибосилрибітолу фосфат)"
71327,"*полірибозилрибітол фосфат, кон’югований з правцевим протеїном"
71327,"Трометамол"
71327,"Сахароза"
71327,"НЕЗАМІННІ АМІНОКИСЛОТИ"
71327,"*гідроксид натрію та/або оцтова кислота та/або хлористоводнева кислота (для корекції рівня ph)"
71327,"Вода для ін'єкцій"
71327,"*динатрію гідрофосфат дигідрат"
71327,"Калію дигідрофосфат"
71326,"Дифтерійний анатоксин"
71326,"Правцевий анатоксин"
71326,"Кашлюковий анатоксин адсорбований"
71326,"Нитчастий гемаглютинін"
71326,"Поліовірус (інактивований) типу 1 (штам Mahoney), вироблений на клітинах vero"
71326,"Поліовірус (інактивований) типу 2 (штам MEF-1), вироблений на клітинах vero"
71326,"Поліовірус (інактивований) типу 3 (штам Saukett), вироблений на клітинах vero"
71326,"ПОВЕРХНЕВИЙ АНТИГЕН ВІРУСУ ГЕПАТИТУ В РЕКОМБІНАНТНИЙ"
71326,"Полісахарид Haemophilus influenzae типу В (полірибосилрибітолу фосфат)"
71326,"*полірибозилрибітол фосфат, кон’югований з правцевим протеїном"
71326,"*динатрію гідрофосфат дигідрат"
71326,"Калію дигідрофосфат"
71326,"Трометамол"
71326,"Сахароза"
71326,"НЕЗАМІННІ АМІНОКИСЛОТИ"
71326,"*гідроксид натрію та/або оцтова кислота та/або хлористоводнева кислота (для корекції рівня ph)"
71326,"Вода для ін'єкцій"
71325,"Дифтерійний анатоксин"
71325,"Правцевий анатоксин"
71325,"Кашлюковий анатоксин адсорбований"
71325,"Нитчастий гемаглютинін"
71325,"Поліовірус (інактивований) типу 1 (штам Mahoney), вироблений на клітинах vero"
71325,"Поліовірус (інактивований) типу 2 (штам MEF-1), вироблений на клітинах vero"
71325,"Поліовірус (інактивований) типу 3 (штам Saukett), вироблений на клітинах vero"
71325,"ПОВЕРХНЕВИЙ АНТИГЕН ВІРУСУ ГЕПАТИТУ В РЕКОМБІНАНТНИЙ"
71325,"Полісахарид Haemophilus influenzae типу В (полірибосилрибітолу фосфат)"
71325,"*полірибозилрибітол фосфат, кон’югований з правцевим протеїном"
71325,"*динатрію гідрофосфат дигідрат"
71325,"Калію дигідрофосфат"
71325,"Трометамол"
71325,"Сахароза"
71325,"НЕЗАМІННІ АМІНОКИСЛОТИ"
71325,"*гідроксид натрію та/або оцтова кислота та/або хлористоводнева кислота (для корекції рівня ph)"
71325,"Вода для ін'єкцій"
71324,"Дифтерійний анатоксин"
71324,"Правцевий анатоксин"
71324,"Кашлюковий анатоксин адсорбований"
71324,"Нитчастий гемаглютинін"
71324,"Поліовірус (інактивований) типу 1 (штам Mahoney), вироблений на клітинах vero"
71324,"Поліовірус (інактивований) типу 2 (штам MEF-1), вироблений на клітинах vero"
71324,"Поліовірус (інактивований) типу 3 (штам Saukett), вироблений на клітинах vero"
71324,"ПОВЕРХНЕВИЙ АНТИГЕН ВІРУСУ ГЕПАТИТУ В РЕКОМБІНАНТНИЙ"
71324,"Полісахарид Haemophilus influenzae типу В (полірибосилрибітолу фосфат)"
71324,"*полірибозилрибітол фосфат, кон’югований з правцевим протеїном"
71324,"*динатрію гідрофосфат дигідрат"
71324,"Калію дигідрофосфат"
71324,"Трометамол"
71324,"Сахароза"
71324,"НЕЗАМІННІ АМІНОКИСЛОТИ"
71324,"*гідроксид натрію та/або оцтова кислота та/або хлористоводнева кислота (для корекції рівня ph)"
71324,"Вода для ін'єкцій"
71303,"Дифтерійний анатоксин"
71303,"Правцевий анатоксин"
71303,"Кашлюковий анатоксин адсорбований"
71303,"Нитчастий гемаглютинін"
71303,"Поліовірус (інактивований) типу 1 (штам Mahoney), вироблений на клітинах vero"
71303,"Поліовірус (інактивований) типу 2 (штам MEF-1), вироблений на клітинах vero"
71303,"Поліовірус (інактивований) типу 3 (штам Saukett), вироблений на клітинах vero"
71303,"ПОВЕРХНЕВИЙ АНТИГЕН ВІРУСУ ГЕПАТИТУ В РЕКОМБІНАНТНИЙ"
71303,"Полісахарид Haemophilus influenzae типу В (полірибосилрибітолу фосфат)"
71303,"*полірибозилрибітол фосфат, кон’югований з правцевим протеїном"
71303,"*динатрію гідрофосфат дигідрат"
71303,"Калію дигідрофосфат"
71303,"Трометамол"
71303,"Сахароза"
71303,"НЕЗАМІННІ АМІНОКИСЛОТИ"
71303,"*гідроксид натрію та/або оцтова кислота та/або хлористоводнева кислота (для корекції рівня ph)"
71303,"Вода для ін'єкцій"
71302,"Дифтерійний анатоксин"
71302,"Правцевий анатоксин"
71302,"Кашлюковий анатоксин адсорбований"
71302,"Нитчастий гемаглютинін"
71302,"Поліовірус (інактивований) типу 1 (штам Mahoney), вироблений на клітинах vero"
71302,"Поліовірус (інактивований) типу 2 (штам MEF-1), вироблений на клітинах vero"
71302,"Поліовірус (інактивований) типу 3 (штам Saukett), вироблений на клітинах vero"
71302,"ПОВЕРХНЕВИЙ АНТИГЕН ВІРУСУ ГЕПАТИТУ В РЕКОМБІНАНТНИЙ"
71302,"Полісахарид Haemophilus influenzae типу В (полірибосилрибітолу фосфат)"
71302,"*полірибозилрибітол фосфат, кон’югований з правцевим протеїном"
71302,"*динатрію гідрофосфат дигідрат"
71302,"Калію дигідрофосфат"
71302,"Трометамол"
71302,"Сахароза"
71302,"НЕЗАМІННІ АМІНОКИСЛОТИ"
71302,"*гідроксид натрію та/або оцтова кислота та/або хлористоводнева кислота (для корекції рівня ph)"
71302,"Вода для ін'єкцій"
71301,"Нитчастий гемаглютинін"
71301,"Поліовірус (інактивований) типу 1 (штам Mahoney), вироблений на клітинах vero"
71301,"Поліовірус (інактивований) типу 2 (штам MEF-1), вироблений на клітинах vero"
71301,"Поліовірус (інактивований) типу 3 (штам Saukett), вироблений на клітинах vero"
71301,"ПОВЕРХНЕВИЙ АНТИГЕН ВІРУСУ ГЕПАТИТУ В РЕКОМБІНАНТНИЙ"
71301,"Дифтерійний анатоксин"
71301,"Правцевий анатоксин"
71301,"Кашлюковий анатоксин адсорбований"
71301,"Полісахарид Haemophilus influenzae типу В (полірибосилрибітолу фосфат)"
71301,"*полірибозилрибітол фосфат, кон’югований з правцевим протеїном"
71301,"*динатрію гідрофосфат дигідрат"
71301,"Калію дигідрофосфат"
71301,"Трометамол"
71301,"Сахароза"
71301,"НЕЗАМІННІ АМІНОКИСЛОТИ"
71301,"*гідроксид натрію та/або оцтова кислота та/або хлористоводнева кислота (для корекції рівня ph)"
71301,"Вода для ін'єкцій"
71300,"Нитчастий гемаглютинін"
71300,"Поліовірус (інактивований) типу 1 (штам Mahoney), вироблений на клітинах vero"
71300,"Поліовірус (інактивований) типу 2 (штам MEF-1), вироблений на клітинах vero"
71300,"Поліовірус (інактивований) типу 3 (штам Saukett), вироблений на клітинах vero"
71300,"ПОВЕРХНЕВИЙ АНТИГЕН ВІРУСУ ГЕПАТИТУ В РЕКОМБІНАНТНИЙ"
71300,"Дифтерійний анатоксин"
71300,"Правцевий анатоксин"
71300,"Кашлюковий анатоксин адсорбований"
71300,"Полісахарид Haemophilus influenzae типу В (полірибосилрибітолу фосфат)"
71300,"*полірибозилрибітол фосфат, кон’югований з правцевим протеїном"
71300,"*динатрію гідрофосфат дигідрат"
71300,"Калію дигідрофосфат"
71300,"Трометамол"
71300,"Сахароза"
71300,"НЕЗАМІННІ АМІНОКИСЛОТИ"
71300,"*гідроксид натрію та/або оцтова кислота та/або хлористоводнева кислота (для корекції рівня ph)"
71300,"Вода для ін'єкцій"
71299,"Кашлюковий анатоксин адсорбований"
71299,"Нитчастий гемаглютинін"
71299,"Поліовірус (інактивований) типу 1 (штам Mahoney), вироблений на клітинах vero"
71299,"Поліовірус (інактивований) типу 2 (штам MEF-1), вироблений на клітинах vero"
71299,"Поліовірус (інактивований) типу 3 (штам Saukett), вироблений на клітинах vero"
71299,"ПОВЕРХНЕВИЙ АНТИГЕН ВІРУСУ ГЕПАТИТУ В РЕКОМБІНАНТНИЙ"
71299,"Полісахарид Haemophilus influenzae типу В (полірибосилрибітолу фосфат)"
71299,"*полірибозилрибітол фосфат, кон’югований з правцевим протеїном"
71299,"Дифтерійний анатоксин"
71299,"Правцевий анатоксин"
71299,"*динатрію гідрофосфат дигідрат"
71299,"Калію дигідрофосфат"
71299,"Трометамол"
71299,"Сахароза"
71299,"НЕЗАМІННІ АМІНОКИСЛОТИ"
71299,"*гідроксид натрію та/або оцтова кислота та/або хлористоводнева кислота (для корекції рівня ph)"
71299,"Вода для ін'єкцій"
71298,"Нитчастий гемаглютинін"
71298,"Поліовірус (інактивований) типу 1 (штам Mahoney), вироблений на клітинах vero"
71298,"Поліовірус (інактивований) типу 2 (штам MEF-1), вироблений на клітинах vero"
71298,"Поліовірус (інактивований) типу 3 (штам Saukett), вироблений на клітинах vero"
71298,"ПОВЕРХНЕВИЙ АНТИГЕН ВІРУСУ ГЕПАТИТУ В РЕКОМБІНАНТНИЙ"
71298,"Дифтерійний анатоксин"
71298,"Правцевий анатоксин"
71298,"Кашлюковий анатоксин адсорбований"
71298,"Полісахарид Haemophilus influenzae типу В (полірибосилрибітолу фосфат)"
71298,"*полірибозилрибітол фосфат, кон’югований з правцевим протеїном"
71298,"*динатрію гідрофосфат дигідрат"
71298,"Калію дигідрофосфат"
71298,"Трометамол"
71298,"Сахароза"
71298,"НЕЗАМІННІ АМІНОКИСЛОТИ"
71298,"*гідроксид натрію та/або оцтова кислота та/або хлористоводнева кислота (для корекції рівня ph)"
71298,"Вода для ін'єкцій"
71297,"Нитчастий гемаглютинін"
71297,"Поліовірус (інактивований) типу 1 (штам Mahoney), вироблений на клітинах vero"
71297,"Поліовірус (інактивований) типу 2 (штам MEF-1), вироблений на клітинах vero"
71297,"Поліовірус (інактивований) типу 3 (штам Saukett), вироблений на клітинах vero"
71297,"ПОВЕРХНЕВИЙ АНТИГЕН ВІРУСУ ГЕПАТИТУ В РЕКОМБІНАНТНИЙ"
71297,"Дифтерійний анатоксин"
71297,"Правцевий анатоксин"
71297,"Кашлюковий анатоксин адсорбований"
71297,"Полісахарид Haemophilus influenzae типу В (полірибосилрибітолу фосфат)"
71297,"*полірибозилрибітол фосфат, кон’югований з правцевим протеїном"
71297,"*динатрію гідрофосфат дигідрат"
71297,"Калію дигідрофосфат"
71297,"Трометамол"
71297,"Сахароза"
71297,"НЕЗАМІННІ АМІНОКИСЛОТИ"
71297,"*гідроксид натрію та/або оцтова кислота та/або хлористоводнева кислота (для корекції рівня ph)"
71297,"Вода для ін'єкцій"
71296,"Нитчастий гемаглютинін"
71296,"Поліовірус (інактивований) типу 1 (штам Mahoney), вироблений на клітинах vero"
71296,"Поліовірус (інактивований) типу 2 (штам MEF-1), вироблений на клітинах vero"
71296,"Поліовірус (інактивований) типу 3 (штам Saukett), вироблений на клітинах vero"
71296,"ПОВЕРХНЕВИЙ АНТИГЕН ВІРУСУ ГЕПАТИТУ В РЕКОМБІНАНТНИЙ"
71296,"Дифтерійний анатоксин"
71296,"Правцевий анатоксин"
71296,"Кашлюковий анатоксин адсорбований"
71296,"Полісахарид Haemophilus influenzae типу В (полірибосилрибітолу фосфат)"
71296,"*полірибозилрибітол фосфат, кон’югований з правцевим протеїном"
71296,"*динатрію гідрофосфат дигідрат"
71296,"Калію дигідрофосфат"
71296,"Трометамол"
71296,"Сахароза"
71296,"НЕЗАМІННІ АМІНОКИСЛОТИ"
71296,"*гідроксид натрію та/або оцтова кислота та/або хлористоводнева кислота (для корекції рівня ph)"
71296,"Вода для ін'єкцій"
71295,"Поліовірус (інактивований) типу 3 (штам Saukett), вироблений на клітинах vero"
71295,"ПОВЕРХНЕВИЙ АНТИГЕН ВІРУСУ ГЕПАТИТУ В РЕКОМБІНАНТНИЙ"
71295,"Полісахарид Haemophilus influenzae типу В (полірибосилрибітолу фосфат)"
71295,"*полірибозилрибітол фосфат, кон’югований з правцевим протеїном"
71295,"Дифтерійний анатоксин"
71295,"Правцевий анатоксин"
71295,"Кашлюковий анатоксин адсорбований"
71295,"Нитчастий гемаглютинін"
71295,"Поліовірус (інактивований) типу 1 (штам Mahoney), вироблений на клітинах vero"
71295,"Поліовірус (інактивований) типу 2 (штам MEF-1), вироблений на клітинах vero"
71295,"*динатрію гідрофосфат дигідрат"
71295,"Калію дигідрофосфат"
71295,"Трометамол"
71295,"Сахароза"
71295,"НЕЗАМІННІ АМІНОКИСЛОТИ"
71295,"*гідроксид натрію та/або оцтова кислота та/або хлористоводнева кислота (для корекції рівня ph)"
71295,"Вода для ін'єкцій"
71288,"Метоксифлуран"
71288,"Бутилгідрокситолуол"
71287,"Метоксифлуран"
71287,"Бутилгідрокситолуол"
71276,"Лідокаїн"
71276,"Хлоргексидин"
71276,"Гідроксіетилцелюлоза"
71276,"*гліцерин"
71276,"НАТРІЮ ЛАКТАТУ РОЗЧИН"
71276,"Вода для ін'єкцій"
71275,"Лідокаїн"
71275,"Хлоргексидин"
71275,"Гідроксіетилцелюлоза"
71275,"*гліцерин"
71275,"НАТРІЮ ЛАКТАТУ РОЗЧИН"
71275,"Вода для ін'єкцій"
71263,"Ацеклофенак"
71263,"ЦЕЛЮЛОЗА МІКРОКРИСТАЛІЧНА"
71263,"Кроскармелоза натрію"
71263,"Коповідон"
71263,"Тальк"
71263,"*кремнію діоксид колоїдний зневоднений"
71263,"Гліцерину дистеарат"
71263,"OPADRY O3A0280002"
71262,"Улінастатин"
71262,"Метакрезол"
71262,"Сахароза"
71262,"Натрій дигідрогену фосфат дигідрат"
71262,"*твін 80"
71262,"Фосфорна кислота"
71246,"Цитиколін"
71246,"*сорбіт"
71246,"*гліцерин"
71246,"*метилпарабен е 218"
71246,"*пропілпарабен е 216"
71246,"Сахарин натрію"
71246,"Натрію цитрат"
71246,"Калію сорбат"
71246,"Лимонна кислота"
71246,"ВОДА, ОЧИЩЕНА"
71246,"АРОМАТИЗАТОР "СУНИЦЯ ЛІСОВА""
71245,"Цитиколін"
71245,"*сорбіт"
71245,"*гліцерин"
71245,"*метилпарабен е 218"
71245,"*пропілпарабен е 216"
71245,"Сахарин натрію"
71245,"Натрію цитрат"
71245,"Калію сорбат"
71245,"Лимонна кислота"
71245,"ВОДА, ОЧИЩЕНА"
71245,"АРОМАТИЗАТОР "СУНИЦЯ ЛІСОВА""
71244,"Цитиколін"
71244,"*сорбіт"
71244,"*гліцерин"
71244,"*метилпарабен е 218"
71244,"*пропілпарабен е 216"
71244,"Сахарин натрію"
71244,"Натрію цитрат"
71244,"Калію сорбат"
71244,"Лимонна кислота"
71244,"ВОДА, ОЧИЩЕНА"
71244,"АРОМАТИЗАТОР "СУНИЦЯ ЛІСОВА""
71243,"Цитиколін"
71243,"*сорбіт"
71243,"*гліцерин"
71243,"*метилпарабен е 218"
71243,"*пропілпарабен е 216"
71243,"Сахарин натрію"
71243,"Натрію цитрат"
71243,"Калію сорбат"
71243,"Лимонна кислота"
71243,"ВОДА, ОЧИЩЕНА"
71243,"АРОМАТИЗАТОР "СУНИЦЯ ЛІСОВА""
71237,"Макрогол 4000"
71237,"Сахарин натрію"
71237,"Ароматизатор "Яблуко""
71237,"Мальтодекстрин"
71237,"ГУМІАРАБІК"
71237,"СІРКИ ДІОКСИД"
71237,"АЛЬФА-ТОКОФЕРОЛ"
71237,"СІРКИ ДІОКСИД"
71237,"Натрій"
71236,"Ібупрофен"
71236,"Макрогол 600"
71236,"Калію гідроксид"
71236,"ВОДА, ОЧИЩЕНА"
71236,"ЖЕЛАТИН 160 BLOOM"
71236,"РОЗЧИН СОРБІТОЛУ"
71236,"*частково зневоднений polysorb 85/70/00"
71236,"ВОДА, ОЧИЩЕНА"
71235,"Ібупрофен"
71235,"Макрогол 600"
71235,"Калію гідроксид"
71235,"ВОДА, ОЧИЩЕНА"
71235,"ЖЕЛАТИН 160 BLOOM"
71235,"РОЗЧИН СОРБІТОЛУ"
71235,"*частково зневоднений polysorb 85/70/00"
71235,"ВОДА, ОЧИЩЕНА"
71234,"Ібупрофен"
71234,"Макрогол 600"
71234,"Калію гідроксид"
71234,"ВОДА, ОЧИЩЕНА"
71234,"ЖЕЛАТИН 160 BLOOM"
71234,"РОЗЧИН СОРБІТОЛУ"
71234,"*частково зневоднений polysorb 85/70/00"
71234,"ВОДА, ОЧИЩЕНА"
71226,"*мікст-алерген пилковий № 4 (із пилку полину гіркого, амброзії полинолистої, лободи, соняшника звичайного) (Mixt-allergenum e pollen № 4 (Artemisia absinthium, Ambrosia artemisiifolia, Аrtiplex, Helianthus annuus));"
71226,"*цукор харчовий"
71226,"*патока сироп глюкозний"
71226,"Натрію хлорид"
71226,"Динатрію фосфат додекагідрат"
71226,"Калію дигідрофосфат"
71226,"Фенол"
71226,"ВОДА, ОЧИЩЕНА"
71225,"*мікст-алерген пилковий № 4 (із пилку полину гіркого, амброзії полинолистої, лободи, соняшника звичайного) (Mixt-allergenum e pollen № 4 (Artemisia absinthium, Ambrosia artemisiifolia, Аrtiplex, Helianthus annuus));"
71225,"*цукор харчовий"
71225,"*патока сироп глюкозний"
71225,"Натрію хлорид"
71225,"Динатрію фосфат додекагідрат"
71225,"Калію дигідрофосфат"
71225,"Фенол"
71225,"ВОДА, ОЧИЩЕНА"
71224,"*мікст-алерген пилковий № 4 (із пилку полину гіркого, амброзії полинолистої, лободи, соняшника звичайного) (Mixt-allergenum e pollen № 4 (Artemisia absinthium, Ambrosia artemisiifolia, Аrtiplex, Helianthus annuus));"
71224,"*цукор харчовий"
71224,"*патока сироп глюкозний"
71224,"Натрію хлорид"
71224,"Динатрію фосфат додекагідрат"
71224,"Калію дигідрофосфат"
71224,"Фенол"
71224,"ВОДА, ОЧИЩЕНА"
71223,"*мікст-алерген пилковий № 4 (із пилку полину гіркого, амброзії полинолистої, лободи, соняшника звичайного) (Mixt-allergenum e pollen № 4 (Artemisia absinthium, Ambrosia artemisiifolia, Аrtiplex, Helianthus annuus));"
71223,"*цукор харчовий"
71223,"*патока сироп глюкозний"
71223,"Натрію хлорид"
71223,"Динатрію фосфат додекагідрат"
71223,"Калію дигідрофосфат"
71223,"Фенол"
71223,"ВОДА, ОЧИЩЕНА"
71222,"*мікст-алерген пилковий № 4 (із пилку полину гіркого, амброзії полинолистої, лободи, соняшника звичайного) (Mixt-allergenum e pollen № 4 (Artemisia absinthium, Ambrosia artemisiifolia, Аrtiplex, Helianthus annuus));"
71222,"*цукор харчовий"
71222,"*патока сироп глюкозний"
71222,"Натрію хлорид"
71222,"Динатрію фосфат додекагідрат"
71222,"Калію дигідрофосфат"
71222,"Фенол"
71222,"ВОДА, ОЧИЩЕНА"
71221,"*мікст-алерген пилковий № 3 (із пилку стоколосу, пирію повзучого, жита посівного, тимофіївки лучної) (Mixt-allergenum e pollen № 3 (Bromus, Agropyrum repens, Secale cereale, Phleum pratense))"
71221,"*цукор харчовий"
71221,"*патока сироп глюкозний"
71221,"Натрію хлорид"
71221,"Динатрію фосфат додекагідрат"
71221,"Калію дигідрофосфат"
71221,"Фенол"
71221,"ВОДА, ОЧИЩЕНА"
71220,"*мікст-алерген пилковий № 3 (із пилку стоколосу, пирію повзучого, жита посівного, тимофіївки лучної) (Mixt-allergenum e pollen № 3 (Bromus, Agropyrum repens, Secale cereale, Phleum pratense))"
71220,"*цукор харчовий"
71220,"*патока сироп глюкозний"
71220,"Натрію хлорид"
71220,"Динатрію фосфат додекагідрат"
71220,"Калію дигідрофосфат"
71220,"Фенол"
71220,"ВОДА, ОЧИЩЕНА"
71219,"*мікст-алерген пилковий № 3 (із пилку стоколосу, пирію повзучого, жита посівного, тимофіївки лучної) (Mixt-allergenum e pollen № 3 (Bromus, Agropyrum repens, Secale cereale, Phleum pratense))"
71219,"*цукор харчовий"
71219,"*патока сироп глюкозний"
71219,"Натрію хлорид"
71219,"Динатрію фосфат додекагідрат"
71219,"Калію дигідрофосфат"
71219,"Фенол"
71219,"ВОДА, ОЧИЩЕНА"
71218,"*мікст-алерген пилковий № 3 (із пилку стоколосу, пирію повзучого, жита посівного, тимофіївки лучної) (Mixt-allergenum e pollen № 3 (Bromus, Agropyrum repens, Secale cereale, Phleum pratense))"
71218,"*цукор харчовий"
71218,"*патока сироп глюкозний"
71218,"Натрію хлорид"
71218,"Динатрію фосфат додекагідрат"
71218,"Калію дигідрофосфат"
71218,"Фенол"
71218,"ВОДА, ОЧИЩЕНА"
71217,"*мікст-алерген пилковий № 3 (із пилку стоколосу, пирію повзучого, жита посівного, тимофіївки лучної) (Mixt-allergenum e pollen № 3 (Bromus, Agropyrum repens, Secale cereale, Phleum pratense))"
71217,"*цукор харчовий"
71217,"*патока сироп глюкозний"
71217,"Натрію хлорид"
71217,"Динатрію фосфат додекагідрат"
71217,"Калію дигідрофосфат"
71217,"Фенол"
71217,"ВОДА, ОЧИЩЕНА"
71216,"ЕКСТРАКТ ПИЛКУ ТРАВ'ЯНОГО АЛЕРГЕНУ З ГРЯСТИЦІ, ПАХУЧОЇ ТРАВИ ЗВИЧАЙНОЇ, ПАЖИТНИЦІ БАГАТОРІЧНОЇ, ТОНКОНОГУ ЛУЧНОГО ТА ТИМОФІЇВКИ ЛУЧНОЇ"
71216,"*цукор харчовий"
71216,"*патока сироп глюкозний"
71216,"Натрію хлорид"
71216,"Динатрію фосфат додекагідрат"
71216,"Калію дигідрофосфат"
71216,"Фенол"
71216,"ВОДА, ОЧИЩЕНА"
71215,"ЕКСТРАКТ ПИЛКУ ТРАВ'ЯНОГО АЛЕРГЕНУ З ГРЯСТИЦІ, ПАХУЧОЇ ТРАВИ ЗВИЧАЙНОЇ, ПАЖИТНИЦІ БАГАТОРІЧНОЇ, ТОНКОНОГУ ЛУЧНОГО ТА ТИМОФІЇВКИ ЛУЧНОЇ"
71215,"*цукор харчовий"
71215,"*патока сироп глюкозний"
71215,"Натрію хлорид"
71215,"Динатрію фосфат додекагідрат"
71215,"Калію дигідрофосфат"
71215,"Фенол"
71215,"ВОДА, ОЧИЩЕНА"
71214,"ЕКСТРАКТ ПИЛКУ ТРАВ'ЯНОГО АЛЕРГЕНУ З ГРЯСТИЦІ, ПАХУЧОЇ ТРАВИ ЗВИЧАЙНОЇ, ПАЖИТНИЦІ БАГАТОРІЧНОЇ, ТОНКОНОГУ ЛУЧНОГО ТА ТИМОФІЇВКИ ЛУЧНОЇ"
71214,"*цукор харчовий"
71214,"*патока сироп глюкозний"
71214,"Натрію хлорид"
71214,"Динатрію фосфат додекагідрат"
71214,"Калію дигідрофосфат"
71214,"Фенол"
71214,"ВОДА, ОЧИЩЕНА"
71213,"ЕКСТРАКТ ПИЛКУ ТРАВ'ЯНОГО АЛЕРГЕНУ З ГРЯСТИЦІ, ПАХУЧОЇ ТРАВИ ЗВИЧАЙНОЇ, ПАЖИТНИЦІ БАГАТОРІЧНОЇ, ТОНКОНОГУ ЛУЧНОГО ТА ТИМОФІЇВКИ ЛУЧНОЇ"
71213,"*цукор харчовий"
71213,"*патока сироп глюкозний"
71213,"Натрію хлорид"
71213,"Динатрію фосфат додекагідрат"
71213,"Калію дигідрофосфат"
71213,"Фенол"
71213,"ВОДА, ОЧИЩЕНА"
71212,"ЕКСТРАКТ ПИЛКУ ТРАВ'ЯНОГО АЛЕРГЕНУ З ГРЯСТИЦІ, ПАХУЧОЇ ТРАВИ ЗВИЧАЙНОЇ, ПАЖИТНИЦІ БАГАТОРІЧНОЇ, ТОНКОНОГУ ЛУЧНОГО ТА ТИМОФІЇВКИ ЛУЧНОЇ"
71212,"*цукор харчовий"
71212,"*патока сироп глюкозний"
71212,"Натрію хлорид"
71212,"Динатрію фосфат додекагідрат"
71212,"Калію дигідрофосфат"
71212,"Фенол"
71212,"ВОДА, ОЧИЩЕНА"
71211,"*мікст-алерген пилковий № 1 (із пилку берези, вільхи клейкої, дуба, ліщини звичайної) (Mixt-allergenum e pollen № 1 (Betula, Alnus aglutinosa, Quercus, Corylus avellana));"
71211,"*цукор харчовий"
71211,"*патока сироп глюкозний"
71211,"Натрію хлорид"
71211,"Динатрію фосфат додекагідрат"
71211,"Калію дигідрофосфат"
71211,"Фенол"
71211,"ВОДА, ОЧИЩЕНА"
71210,"*мікст-алерген пилковий № 1 (із пилку берези, вільхи клейкої, дуба, ліщини звичайної) (Mixt-allergenum e pollen № 1 (Betula, Alnus aglutinosa, Quercus, Corylus avellana));"
71210,"*цукор харчовий"
71210,"*патока сироп глюкозний"
71210,"Натрію хлорид"
71210,"Динатрію фосфат додекагідрат"
71210,"Калію дигідрофосфат"
71210,"Фенол"
71210,"ВОДА, ОЧИЩЕНА"
71209,"*мікст-алерген пилковий № 1 (із пилку берези, вільхи клейкої, дуба, ліщини звичайної) (Mixt-allergenum e pollen № 1 (Betula, Alnus aglutinosa, Quercus, Corylus avellana));"
71209,"*цукор харчовий"
71209,"*патока сироп глюкозний"
71209,"Натрію хлорид"
71209,"Динатрію фосфат додекагідрат"
71209,"Калію дигідрофосфат"
71209,"Фенол"
71209,"ВОДА, ОЧИЩЕНА"
71208,"*мікст-алерген пилковий № 1 (із пилку берези, вільхи клейкої, дуба, ліщини звичайної) (Mixt-allergenum e pollen № 1 (Betula, Alnus aglutinosa, Quercus, Corylus avellana));"
71208,"*цукор харчовий"
71208,"*патока сироп глюкозний"
71208,"Натрію хлорид"
71208,"Динатрію фосфат додекагідрат"
71208,"Калію дигідрофосфат"
71208,"Фенол"
71208,"ВОДА, ОЧИЩЕНА"
71207,"*мікст-алерген пилковий № 1 (із пилку берези, вільхи клейкої, дуба, ліщини звичайної) (Mixt-allergenum e pollen № 1 (Betula, Alnus aglutinosa, Quercus, Corylus avellana));"
71207,"*цукор харчовий"
71207,"*патока сироп глюкозний"
71207,"Натрію хлорид"
71207,"Динатрію фосфат додекагідрат"
71207,"Калію дигідрофосфат"
71207,"Фенол"
71207,"ВОДА, ОЧИЩЕНА"
71206,"*мікст-алерген пилковий № 4 (із пилку полину гіркого, амброзії полинолистої, лободи, соняшника звичайного) (Mixt-allergenum e pollen № 4 (Artemisia absinthium, Ambrosia artemisiifolia, Аrtiplex, Helianthus annuus));"
71206,"*цукор харчовий"
71206,"*патока сироп глюкозний"
71206,"Натрію хлорид"
71206,"Динатрію фосфат додекагідрат"
71206,"Калію дигідрофосфат"
71206,"Фенол"
71206,"ВОДА, ОЧИЩЕНА"
71205,"*мікст-алерген пилковий № 3 (із пилку стоколосу, пирію повзучого, жита посівного, тимофіївки лучної) (Mixt-allergenum e pollen № 3 (Bromus, Agropyrum repens, Secale cereale, Phleum pratense))"
71205,"*цукор харчовий"
71205,"*патока сироп глюкозний"
71205,"Натрію хлорид"
71205,"Динатрію фосфат додекагідрат"
71205,"Калію дигідрофосфат"
71205,"Фенол"
71205,"ВОДА, ОЧИЩЕНА"
71204,"ЕКСТРАКТ ПИЛКУ ТРАВ'ЯНОГО АЛЕРГЕНУ З ГРЯСТИЦІ, ПАХУЧОЇ ТРАВИ ЗВИЧАЙНОЇ, ПАЖИТНИЦІ БАГАТОРІЧНОЇ, ТОНКОНОГУ ЛУЧНОГО ТА ТИМОФІЇВКИ ЛУЧНОЇ"
71204,"*цукор харчовий"
71204,"*патока сироп глюкозний"
71204,"Натрію хлорид"
71204,"Динатрію фосфат додекагідрат"
71204,"Калію дигідрофосфат"
71204,"Фенол"
71204,"ВОДА, ОЧИЩЕНА"
71191,"Ібупрофен"
71191,"Макрогол 600"
71191,"Калію гідроксид"
71191,"ВОДА, ОЧИЩЕНА"
71191,"ЖЕЛАТИН 160 BLOOM"
71191,"*сорбіту розчин частково зневоднений"
71191,"ПОНСО 4R (PONCEAU 4R) (E124)"
71191,"ВОДА, ОЧИЩЕНА"
71190,"Ібупрофен"
71190,"Макрогол 600"
71190,"Калію гідроксид"
71190,"ВОДА, ОЧИЩЕНА"
71190,"ЖЕЛАТИН 160 BLOOM"
71190,"*сорбіту розчин, частково зневоднений"
71190,"ВОДА, ОЧИЩЕНА"
71173,"CORTEX FRANGULAE"
71173,"КРОПИВИ ЛИСТЯ"
71173,"М'ЯТИ ЛИСТЯ"
71173,"*валеріани кореневища з коренями"
71173,"*лепехи кореневища"
71165,"Цитиколін"
71165,"ГІДРОКСИД НАТРІЮ ТА/АБО ХЛОРИДНА КИСЛОТА (ДЛЯ РЕГУЛЮВАННЯ РН)"
71165,"Вода для ін'єкцій"
71140,"Правцевий анатоксин"
71140,"АЛЮМІНІЮ ГІДРОКСИДУ ГЕЛЬ"
71140,"Тіомерсал"
71140,"Натрію хлорид"
71140,"Вода для ін'єкцій"
71139,"Правцевий анатоксин"
71139,"АЛЮМІНІЮ ГІДРОКСИДУ ГЕЛЬ"
71139,"Тіомерсал"
71139,"Натрію хлорид"
71139,"Вода для ін'єкцій"
71138,"*вітамін а"
71138,"Тіаміну гідрохлорид"
71138,"Рибофлавін"
71138,"Нікотинамід"
71138,"Піридоксину гідрохлорид"
71138,"Аскорбінова кислота"
71138,"ПШЕНИЧНЕ БОРОШНО"
71138,"*патока крохмальна"
71138,"*цукор"
71138,""М'ята" ароматизатор"
71138,"ЖОВТИЙ ВІСК"
71138,"*олія мінеральна легка"
71138,"Тальк"
71138,"Хіноліновий жовтий (E 104)"
71133,"Цитиколін"
71133,"ГІДРОКСИД НАТРІЮ ТА/АБО ХЛОРИДНА КИСЛОТА (ДЛЯ РЕГУЛЮВАННЯ РН)"
71133,"Вода для ін'єкцій"
71115,"Фенілефрину гідрохлорид"
71115,"Феніраміну малеат"
71115,"Парацетамол"
71115,"Натрію цитрат"
71115,"Лимонна кислота"
71115,"*ароматизатор акація"
71115,"*кремнію діоксид колоїдний зневоднений"
71115,"*цукор білий"
71115,"Сахароза"
71115,"Аскорбінова кислота"
71103,"Парацетамол"
71103,"Феніраміну малеат"
71103,"Фенілефрину гідрохлорид"
71103,"Аскорбінова кислота"
71103,"Натрію цитрат"
71103,"Лимонна кислота"
71103,""Малина" ароматизатор"
71103,"*кармоїзин едикол е 122"
71103,"*кремнію діоксид колоїдний зневоднений"
71103,"*цукор білий"
71103,"Сахароза"
71102,"Дифтерійний анатоксин"
71102,"Правцевий анатоксин"
71102,"АЛЮМІНІЮ ГІДРОКСИДУ ГЕЛЬ"
71102,"Тіомерсал"
71102,"Натрію хлорид"
71102,"Вода для ін'єкцій"
71093,"Парацетамол"
71093,"Фенілефрину гідрохлорид"
71093,"Феніраміну малеат"
71093,"Аскорбінова кислота"
71093,"Натрію цитрат"
71093,"Лимонна кислота"
71093,"Ароматизатор "Лимон""
71093,"Хіноліновий жовтий (E 104)"
71093,"*кремнію діоксид колоїдний зневоднений"
71093,"*цукор білий"
71093,"Сахароза"
71091,"Дифтерійний анатоксин"
71091,"Правцевий анатоксин"
71091,"АЛЮМІНІЮ ГІДРОКСИДУ ГЕЛЬ"
71091,"Тіомерсал"
71091,"Натрію хлорид"
71091,"Вода для ін'єкцій"
71082,"Парацетамол"
71082,"Феніраміну малеат"
71082,"Аскорбінова кислота"
71082,"Лимонна кислота"
71082,"Сахарин натрію"
71082,"Ароматизатор "Лимон""
71082,"Хіноліновий жовтий (E 104)"
71082,"*цукор білий"
71082,"Сахароза"
71077,"Парацетамол"
71077,"Феніраміну малеат"
71077,"Аскорбінова кислота"
71077,"Лимонна кислота"
71077,"Сахарин натрію"
71077,"*ароматизатор акації"
71077,"*цукор білий"
71077,"Сахароза"
71073,"Дифтерійний анатоксин, адсорбований на алюмінію гідроксиді, гідратований"
71073,"Правцевий анатоксин, адсорбований на гідроксиду алюмінію, гідратований"
71073,"Кашлюковий анатоксин адсорбований"
71073,"КАШЛЮКОВИЙ НИТЧАСТИЙ ГЕМАГЛЮТИНІН, АДСОРБОВАНИЙ НА АЛЮМІНІЮ ГІДРОКСИДІ, ГІДРАТОВАНИЙ"
71073,"КАШЛЮКОВИЙ ПЕРТАКТИН, АДСОРБОВАНИЙ НА АЛЮМІНІЮ ГІДРОКСИДІ"
71073,"Поліовірус (інактивований) типу 1 (штам Mahoney), вироблений на клітинах vero"
71073,"Поліовірус (інактивований) типу 2 (штам MEF-1), вироблений на клітинах vero"
71073,"Поліовірус (інактивований) типу 3 (штам Saukett), вироблений на клітинах vero"
71073,"Натрію хлорид"
71073,"Алюмінію гідроксид"
71073,"СЕРЕДОВИЩЕ 199"
71073,"Вода для ін'єкцій"
71073,"Формальдегід"
71073,"НЕОМІЦИНУ СУЛЬФАТ"
71073,"ПОЛІМІКСИНУ В СУЛЬФАТ"
71065,"*мікст-алерген побутовий № 5 (із домашнього пилу, збагаченого dermatophagoides pteronyssinus; домашнього пилу, збагаченого dermatophagoides farinaе; домашнього пилу, збагаченого acarus siro; пір’я подушок)"
71065,"Фенол"
71065,"ВОДА, ОЧИЩЕНА"
71065,"*цукор білий"
71065,"*патока сироп глюкозний"
71065,"Натрію хлорид"
71065,"Динатрію фосфат додекагідрат"
71065,"Калію дигідрофосфат"
71065,"ВОДА, ОЧИЩЕНА"
71055,"Парацетамол"
71055,"Феніраміну малеат"
71055,"Аскорбінова кислота"
71055,"Фенілефрину гідрохлорид"
71055,"Натрію цитрат"
71055,"Лимонна кислота"
71055,"Ароматизатор "Лимон""
71055,"Хіноліновий жовтий (E 104)"
71055,"КОЛОЇДНИЙ БЕЗВОДНИЙ КРЕМНІЮ ГІДРОКСИД"
71055,"*цукор білий"
71055,"Сахароза"
71053,"РЕТИНОЛУ АЦЕТАТ"
71053,"Тіаміну гідрохлорид"
71053,"Рибофлавін"
71053,"Аскорбінова кислота"
71053,"*патока крохмальна"
71053,"*цукор"
71053,"ОЛІЯ М'ЯТИ ПЕРЦЕВОЇ"
71053,"ЖОВТИЙ ВІСК"
71053,"ОЛІЯ СОНЯШНИКУ"
71053,"Тальк"
71052,"РЕТИНОЛУ АЦЕТАТ"
71052,"Тіаміну гідрохлорид"
71052,"Рибофлавін"
71052,"Аскорбінова кислота"
71052,"*патока крохмальна"
71052,"*цукор"
71052,"ОЛІЯ М'ЯТИ ПЕРЦЕВОЇ"
71052,"ЖОВТИЙ ВІСК"
71052,"ОЛІЯ СОНЯШНИКУ"
71052,"Тальк"
71039,"Аскорбінова кислота"
71039,"*цукор"
71039,"*патока крохмальна"
71039,"Тальк"
71039,"ЖОВТИЙ ВІСК"
71039,"*олія мінеральна легка"
71039,""Апельсин" ароматизатор"
71039,"Хіноліновий жовтий (E 104)"
71038,"Аскорбінова кислота"
71038,"*цукор"
71038,"*патока крохмальна"
71038,"Тальк"
71038,"ЖОВТИЙ ВІСК"
71038,"*олія мінеральна легка"
71038,""Апельсин" ароматизатор"
71038,"Хіноліновий жовтий (E 104)"
71037,"Кисень"
71036,"Кисень"
71035,"Кисень"
71034,"Кисень"
71033,"Кисень"
71032,"Кисень"
71031,"Кисень"
71030,"Кисень"
71029,"Кисень"
71028,"Кисень"
71027,"Кисень"
71026,"Кисень"
71025,"Кисень"
71022,"Кисень"
71021,"Кисень"
71020,"Кисень"
71019,"Кисень"
71018,"Кисень"
71017,"Кисень"
71016,"Кисень"
71009,"РЕТИНОЛУ АЦЕТАТ"
71009,"Тіаміну гідрохлорид"
71009,"Рибофлавін"
71009,"Аскорбінова кислота"
71009,"ЖОВТИЙ ВІСК"
71009,"*олія мінеральна легка"
71009,"Тальк"
71009,"ОЛІЯ М'ЯТИ ПЕРЦЕВОЇ"
71009,"*патока крохмальна"
71009,"*цукор білий"
70932,"ПАНКРЕАТИН"
70932,"Кармін"
70932,"*кремнію діоксид колоїдний зневоднений"
70932,"Гідрокарбонат натрію"
70932,"Натрію лаурилсульфат"
70932,"ПОНСО 4R (PONCEAU 4R) (E124)"
70932,"Індигокармін"
70932,"Лактози моногідрат"
70932,"Повідон"
70932,"СТЕАРАТ КАЛЬЦІЮ"
70932,"*акрил-із рожевий 93о34055"
70932,"Триетилцитрат"
70931,"ПАНКРЕАТИН"
70931,"Лактози моногідрат"
70931,"Повідон"
70931,"СТЕАРАТ КАЛЬЦІЮ"
70931,"*акрил-із рожевий 93о34055"
70931,"Триетилцитрат"
70931,"Кармін"
70931,"*кремнію діоксид колоїдний зневоднений"
70931,"Гідрокарбонат натрію"
70931,"Натрію лаурилсульфат"
70931,"ПОНСО 4R (PONCEAU 4R) (E124)"
70931,"Індигокармін"
70930,"ПАНКРЕАТИН"
70930,"Лактози моногідрат"
70930,"Повідон"
70930,"СТЕАРАТ КАЛЬЦІЮ"
70930,"*акрил-із рожевий 93о34055"
70930,"Триетилцитрат"
70930,"Кармін"
70930,"*кремнію діоксид колоїдний зневоднений"
70930,"Гідрокарбонат натрію"
70930,"Натрію лаурилсульфат"
70930,"ПОНСО 4R (PONCEAU 4R) (E124)"
70930,"Індигокармін"
70893,"*екстракт верби білої кори густий (salix alba) (1:5) (екстрагент вода)"
70893,"*екстракт чаю китайського листя густий (thea sinensis) (1:5) (екстрагент вода)"
70893,"*екстракт фенхеля звичайного плодів густий (foniculum vulgare) (1:5) (екстрагент вода)"
70893,"*екстракт евкаліпта шаровидного листя густий (eucalyptus globulus) (1:5) (екстрагент вода)"
70893,"*екстракт валеріани лікарської коріння та кореневищ густий (valeriana officinalis) (1:5) (екстрагент вода)"
70893,"*екстракт солодки голої коріння та кореневищ густий (glycyrrhiza glabra) (1:5) (екстрагент вода)"
70893,"*екстракт адхатоди судинної листя густий (adhatoda vasica) (1:5) (екстрагент вода)"
70893,"*екстракт фіалки запашної листя та квітів густий (viola odorata) (1:5) (екстрагент вода)"
70893,"МЕНТОЛ"
70893,"Кукурудзяний крохмаль"
70893,"Сахароза"
70893,"*ароматизатор лимона lime c-8946"
70891,"Кисень"
70890,"Кисень"
70889,"Кисень"
70888,"Кисень"
70887,"Кисень"
70886,"Кисень"
70885,"Кисень"
70884,"Кисень"
70883,"Кисень"
70882,"Кисень"
70881,"Кисень"
70880,"Кисень"
70879,"Кисень"
70857,"*екстракт солодки голої коріння та кореневищ густий (glycyrrhiza glabra) (1:5) (екстрагент вода)"
70857,"*екстракт фенхеля звичайного плодів густий (foniculum vulgare) (1:5) (екстрагент вода)"
70857,"*екстракт адхатоди судинної листя густий (adhatoda vasica) (1:5) (екстрагент вода)"
70857,"*екстракт евкаліпта шаровидного листя густий (eucalyptus globulus) (1:5) (екстрагент вода)"
70857,"*екстракт фіалки запашної листя та квітів густий (viola odorata) (1:5) (екстрагент вода)"
70857,"*екстракт валеріани лікарської коріння та кореневищ густий (valeriana officinalis) (1:5) (екстрагент вода)"
70857,"*екстракт верби білої кори густий (salix alba) (1:5) (екстрагент вода)"
70857,"*екстракт чаю китайського листя густий (thea sinensis) (1:5) (екстрагент вода)"
70857,"МЕНТОЛ"
70857,"Кукурудзяний крохмаль"
70857,"Сахароза"
70831,"Етанол"
70831,"Вода"
70830,"Етанол"
70830,"Вода"
70829,"Етанол"
70829,"Вода"
70828,"Етанол"
70828,"Вода"
70827,"Етанол"
70827,"Вода"
70826,"Етанол"
70826,"Вода"
70817,"*спори полірезистентного штаму bacillus clausii"
70817,"ВОДА, ОЧИЩЕНА"
70816,"*спори полірезистентного штаму bacillus clausii"
70816,"ВОДА, ОЧИЩЕНА"
70794,"Етанол"
70794,"Вода"
70793,"Етанол"
70793,"Вода"
70792,"Етанол"
70792,"Вода"
70791,"Етанол"
70791,"Вода"
70790,"Етанол"
70790,"Вода"
70789,"Етанол"
70789,"Вода"
70788,"Етанол"
70788,"Вода"
70787,"Етанол"
70787,"Вода"
70786,"Етанол"
70786,"Вода"
70785,"Етанол"
70785,"Вода"
70784,"Етанол"
70784,"Вода"
70783,"Етанол"
70783,"Вода"
70782,"Етанол"
70782,"Вода"
70780,"Етанол"
70780,"Вода"
70779,"Етанол"
70779,"Вода"
70778,"Етанол"
70778,"Вода"
70777,"Етанол"
70777,"Вода"
70776,"Етанол"
70776,"Вода"
70775,"Етанол"
70775,"Вода"
70774,"Етанол"
70774,"Вода"
70773,"Етанол"
70773,"Вода"
70772,"Етанол"
70772,"Вода"
70771,"Етанол"
70771,"Вода"
70770,"Етанол"
70770,"Вода"
70769,"Етанол"
70769,"Вода"
70768,"Етанол"
70768,"Вода"
70765,"*спори полірезистентного штаму bacillus clausii"
70765,"ВОДА, ОЧИЩЕНА"
70751,"*спори полірезистентного штаму bacillus clausii"
70751,"ЦЕЛЮЛОЗА МІКРОКРИСТАЛІЧНА"
70751,"КАОЛІН, ВАЖКИЙ"
70751,"Ксилітол"
70751,"*кремнію діоксид колоїдний зневоднений"
70751,"АРОМАТИЗАТОР "ЦИТРУСОВИЙ""
70750,"*спори полірезистентного штаму bacillus clausii"
70750,"ЦЕЛЮЛОЗА МІКРОКРИСТАЛІЧНА"
70750,"КАОЛІН, ВАЖКИЙ"
70750,"Ксилітол"
70750,"*кремнію діоксид колоїдний зневоднений"
70750,"АРОМАТИЗАТОР "ЦИТРУСОВИЙ""
70749,"*спори полірезистентного штаму bacillus clausii"
70749,"ЦЕЛЮЛОЗА МІКРОКРИСТАЛІЧНА"
70749,"КАОЛІН, ВАЖКИЙ"
70749,"Ксилітол"
70749,"*кремнію діоксид колоїдний зневоднений"
70749,"АРОМАТИЗАТОР "ЦИТРУСОВИЙ""
70719,"*ламінарії"
70718,"*ламінарії"
70686,"Парацетамол"
70686,"Аскорбінова кислота"
70686,"Кофеїн"
70686,"Хлорфенаміну малеат"
70686,"Повідон"
70686,"РИБОФЛАВІНУ НАТРІЮ ФОСФАТ"
70686,"Тальк"
70686,"*лимонний ароматизатор evogran"
70686,"Лимонна кислота"
70686,"Гідрокарбонат натрію"
70686,"Натрію цикламат"
70686,"Сахарин натрію"
70644,"*кореневища з коренями валеріани"
70644,"*плодів глод"
70644,"*трави пустирника"
70644,"*трави меліси"
70643,"*кореневища з коренями валеріани"
70643,"*плодів глод"
70643,"*трави пустирника"
70643,"*трави меліси"
70631,"*суміш спор полірезистентного штаму bacillus clausii"
70631,"ЦЕЛЮЛОЗА МІКРОКРИСТАЛІЧНА"
70631,"Магнію стеарат"
70631,"ЖЕЛАТИН"
70631,"Титану діоксид"
70631,"ВОДА, ОЧИЩЕНА"
70629,"Етанол"
70629,"Вода"
70628,"Етанол"
70628,"Вода"
70627,"Етанол"
70627,"Вода"
70622,"*діастаза фунгальна"
70622,"Папаїн"
70622,"Симетикон"
70622,"ВУГІЛЛЯ, АКТИВОВАНЕ PH. EUR."
70622,"Нікотинамід"
70622,"Повідон"
70622,"ЖЕЛАТИН"
70622,"Тальк"
70622,"*індіон 234"
70622,"Магнію стеарат"
70622,"Кроскармелоза натрію"
70622,"ШЕЛАК"
70622,"Гіпромелоза"
70622,"Титану діоксид"
70622,"Макрогол 6000"
70622,"Аспартам"
70622,"Тальк"
70622,"Лактози моногідрат"
70622,"ЦЕЛЮЛОЗА МІКРОКРИСТАЛІЧНА"
70622,"КАЛЬЦІЮ ГІДРОФОСФАТ"
70622,"МАГНІЮ КАРБОНАТ, ЛЕГКИЙ"
70619,"Етанол"
70619,"Вода"
70618,"Етанол"
70618,"Вода"
70617,"Етанол"
70617,"Вода"
70607,"LACTOBACILLUS ACIDOPHILUS"
70607,"Естріол"
70607,"Лактози моногідрат"
70607,"ЦЕЛЮЛОЗА МІКРОКРИСТАЛІЧНА"
70607,"НАТРІЮ КРОХМАЛЬГЛІКОЛЯТ (ТИП А) PH. EUR."
70607,"Магнію стеарат"
70607,"НАТРІЮ ГІДРОГЕН МОНОФОСФАТ (БЕЗВОДНИЙ)"
70606,"LACTOBACILLUS ACIDOPHILUS"
70606,"Естріол"
70606,"Лактози моногідрат"
70606,"ЦЕЛЮЛОЗА МІКРОКРИСТАЛІЧНА"
70606,"НАТРІЮ КРОХМАЛЬГЛІКОЛЯТ (ТИП А) PH. EUR."
70606,"Магнію стеарат"
70606,"НАТРІЮ ГІДРОГЕН МОНОФОСФАТ (БЕЗВОДНИЙ)"
70591,"Етанол"
70591,"Вода"
70590,"Етанол"
70590,"Вода"
70589,"Етанол"
70589,"Вода"
70584,"Дифтерійний анатоксин"
70584,"АЛЮМІНІЮ ГІДРОКСИДУ ГЕЛЬ"
70584,"Тіомерсал"
70584,"Натрію хлорид"
70584,"Вода для ін'єкцій"
70573,"Етанол"
70573,"Вода"
70572,"Етанол"
70572,"Вода"
70571,"Етанол"
70571,"Вода"
70570,"*деревію трава (millefolii herba)"
70516,"*грициків трава (herba bursae pastoris)"
70512,"*золототисячника трава"
70483,"Пертехнетат (99mtc) натрій"
70483,"Натрію хлорид"
70483,"Вода для ін'єкцій"
70482,"Пертехнетат (99mtc) натрій"
70482,"Натрію хлорид"
70482,"Вода для ін'єкцій"
70481,"Пертехнетат (99mtc) натрій"
70481,"Натрію хлорид"
70481,"Вода для ін'єкцій"
70437,"Етанол"
70437,"Вода"
70436,"Етанол"
70436,"Вода"
70435,"Етанол"
70435,"Вода"
70434,"Етанол"
70434,"Вода"
70433,"Етанол"
70433,"Вода"
70432,"Етанол"
70432,"Вода"
70429,"Гентаміцин"
70429,"L-ТРИПТОФАН"
70429,"ЦИНКУ СУЛЬФАТУ ГЕПТАГІДРАТ"
70429,"*метоксан"
70428,"Гентаміцин"
70428,"L-ТРИПТОФАН"
70428,"ЦИНКУ СУЛЬФАТУ ГЕПТАГІДРАТ"
70428,"*метоксан"
70427,"Гентаміцин"
70427,"L-ТРИПТОФАН"
70427,"ЦИНКУ СУЛЬФАТУ ГЕПТАГІДРАТ"
70427,"*метоксан"
70426,"Гентаміцин"
70426,"L-ТРИПТОФАН"
70426,"ЦИНКУ СУЛЬФАТУ ГЕПТАГІДРАТ"
70426,"*метоксан"
70387,"Етанол"
70387,"Вода"
70386,"Етанол"
70386,"Вода"
70385,"Етанол"
70385,"Вода"
70384,"Етанол"
70384,"Вода"
70383,"Етанол"
70383,"Вода"
70382,"Етанол"
70382,"Вода"
70381,"Етанол"
70381,"Вода"
70380,"Етанол"
70380,"Вода"
70281,"Етанол"
70281,"Вода"
70280,"Етанол"
70280,"Вода"
70279,"Етанол"
70279,"Вода"
70278,"Етанол"
70278,"Вода"
70277,"Етанол"
70277,"Вода"
70276,"Етанол"
70276,"Вода"
70275,"Етанол"
70275,"Вода"
70274,"Етанол"
70274,"Вода"
70273,"Етанол"
70273,"Вода"
70272,"Етанол"
70272,"Вода"
70271,"Етанол"
70271,"Вода"
70270,"Етанол"
70270,"Вода"
70269,"Етанол"
70269,"Вода"
70268,"Етанол"
70268,"Вода"
70267,"Етанол"
70267,"Вода"
70263,"Етанол"
70263,"*ромашки квітки"
70263,"*глоду плоди (crataegi fructus)"
70263,null
70263,"*деревію трава (millefolii herba)"
70263,"*дуба кора"
70263,"HYPERICI HERBA"
70263,"*трава чебрецю звичайного (thymi serpylli herba)"
70263,"ЦУКРОВИЙ СИРОП"
70262,"Етанол"
70262,"*глоду плоди (crataegi fructus)"
70262,null
70262,"*деревію трава (millefolii herba)"
70262,"*дуба кора"
70262,"HYPERICI HERBA"
70262,"*трава чебрецю звичайного (thymi serpylli herba)"
70262,"*ромашки квітки"
70262,"ЦУКРОВИЙ СИРОП"
70261,"Етанол"
70261,"*ромашки квітки"
70261,"*глоду плоди (crataegi fructus)"
70261,null
70261,"*деревію трава (millefolii herba)"
70261,"*дуба кора"
70261,"HYPERICI HERBA"
70261,"*трава чебрецю звичайного (thymi serpylli herba)"
70261,"ЦУКРОВИЙ СИРОП"
70244,"Етанол"
70244,"*лепехи кореневища"
70244,"М'ЯТИ ЛИСТЯ"
70244,"*квітки липи"
70244,"*кропу пахучого плоди (fructus anethi graveolentis)"
70244,"*кореневища з коренями левзеї сафлороподібної (великоголовника)"
70244,"*деревію трава"
70244,"*бобівника трилистого листя"
70244,"*полин гіркий"
70244,"*дуба кора"
70244,"*цукор"
70244,"*колер"
70244,"ЕТАНОЛ (96 ВІДСОТКІВ)"
70244,"ВОДА, ОЧИЩЕНА"
70243,"Етанол"
70243,"*лепехи кореневища"
70243,"М'ЯТИ ЛИСТЯ"
70243,"*квітки липи"
70243,"*кропу пахучого плоди (fructus anethi graveolentis)"
70243,"*кореневища з коренями левзеї сафлороподібної (великоголовника)"
70243,"*деревію трава"
70243,"*бобівника трилистого листя"
70243,"*полин гіркий"
70243,"*дуба кора"
70243,"*цукор"
70243,"*колер"
70243,"ЕТАНОЛ (96 ВІДСОТКІВ)"
70243,"ВОДА, ОЧИЩЕНА"
70242,"Етанол"
70242,"*лепехи кореневища"
70242,"М'ЯТИ ЛИСТЯ"
70242,"*квітки липи"
70242,"*кропу пахучого плоди (fructus anethi graveolentis)"
70242,"*кореневища з коренями левзеї сафлороподібної (великоголовника)"
70242,"*деревію трава"
70242,"*бобівника трилистого листя"
70242,"*полин гіркий"
70242,"*дуба кора"
70242,"*цукор"
70242,"*колер"
70242,"ЕТАНОЛ (96 ВІДСОТКІВ)"
70242,"ВОДА, ОЧИЩЕНА"
70241,"Етанол"
70241,"*полин гіркий"
70241,"*лепехи кореневища"
70241,"М'ЯТИ ЛИСТЯ"
70241,"*квітки липи"
70241,"*кропу пахучого плоди (fructus anethi graveolentis)"
70241,"*кореневища з коренями левзеї сафлороподібної (великоголовника)"
70241,"*деревію трава"
70241,"*бобівника трилистого листя"
70241,"*дуба кора"
70241,"*цукор"
70241,"*колер"
70241,"ЕТАНОЛ (96 ВІДСОТКІВ)"
70241,"ВОДА, ОЧИЩЕНА"
70211,"Етанол"
70211,"Вода"
70210,"Етанол"
70210,"Вода"
70209,"Етанол"
70209,"Вода"
70208,"Етанол"
70208,"Вода"
70207,"Етанол"
70207,"Вода"
70206,"Етанол"
70206,"Вода"
70205,"Етанол"
70204,"Етанол"
70203,"Етанол"
70193,"ЕТАНОЛ 35 % V/V"
70193,"Піридоксину гідрохлорид"
70193,"Нікотинамід"
70193,"*екстракт рідкий (extractum sedaviti fluidum) (екстрагент – етанол 35 % об/об) (1:4,5) – 0,94 мл з суміші лрс: валеріани кореневища з коренями (valerianae rhizoma cum radicibus), глоду плоди (crataegi fructus), звіробою трава (hyperici herba), м’яти перцевої листя (menthae piperitae folium), хмелю шишки (lupuli flos)"
70193,"СОРБІТОЛ (E420)"
70192,"ЕТАНОЛ 35 % V/V"
70192,"Піридоксину гідрохлорид"
70192,"Нікотинамід"
70192,"*екстракт рідкий (extractum sedaviti fluidum) (екстрагент – етанол 35 % об/об) (1:4,5) – 0,94 мл з суміші лрс: валеріани кореневища з коренями (valerianae rhizoma cum radicibus), глоду плоди (crataegi fructus), звіробою трава (hyperici herba), м’яти перцевої листя (menthae piperitae folium), хмелю шишки (lupuli flos)"
70192,"СОРБІТОЛ (E420)"
70185,"Етанол"
70184,"Етанол"
70183,"Етанол"
70154,"Етанол"
70154,"Вода"
70153,"Етанол"
70153,"Вода"
70152,"Етанол"
70152,"Вода"
70151,"Етанол"
70151,"Вода"
70150,"Етанол"
70150,"Вода"
70149,"Етанол"
70149,"Вода"
70148,"Етанол"
70148,"Вода"
70147,"Етанол"
70147,"Вода"
70146,"Етанол"
70146,"Вода"
70132,"*квітів ромашки екстракт рідкий (chamomilla flores extractum liquidum) (екстрагент 50 % (об/об) етанол) (1:1)"
70132,"Полісорбат 80"
70132,"ЕТАНОЛ 50%"
70128,"Карнітину оротат"
70128,"Карнітину гідрохлорид"
70128,"ЕКСТРАКТ ПЕЧІНКИ"
70128,"Аденозин"
70128,"Піридоксину гідрохлорид"
70128,"Ціанокобаламін"
70128,"*маніт"
70128,"Метилу парагідроксибензоат"
70128,"Пропілпарагідроксибензоат"
70127,"Карнітину оротат"
70127,"Карнітину гідрохлорид"
70127,"ЕКСТРАКТ ПЕЧІНКИ"
70127,"Аденозин"
70127,"Піридоксину гідрохлорид"
70127,"Ціанокобаламін"
70127,"*маніт"
70127,"Метилу парагідроксибензоат"
70127,"Пропілпарагідроксибензоат"
70126,"Карнітину оротат"
70126,"Карнітину гідрохлорид"
70126,"ЕКСТРАКТ ПЕЧІНКИ"
70126,"Аденозин"
70126,"Піридоксину гідрохлорид"
70126,"Ціанокобаламін"
70126,"*маніт"
70126,"Пропілпарагідроксибензоат"
70126,"Метилу парагідроксибензоат"
70113,"Етанол"
70113,"Вода"
70086,"Вода"
70086,"АРТИШОКУ ЛИСТЯ СУХИЙ ЕКСТРАКТ"
70086,"Мальтодекстрин"
70086,"*кремнію діоксид колоїдний зневоднений"
70086,"Целактоза 80"
70086,"Коповідон"
70086,"Кросповідон"
70086,"Тальк"
70086,"Магнію стеарат"
70086,"Сахароза"
70086,"Титану діоксид"
70086,"*акація гуміарабік е414"
70086,"Метилцелюлоза"
70086,"Кальцію карбонат"
70086,"ГЛІЦЕРИН 85%"
70086,"Індигокармін"
70086,"Хіноліновий жовтий (E 104)"
70086,"МЕТАКРИЛАТНИЙ СОПОЛІМЕР ТИП B"
70086,"МОНТАНГЛІКОЛЕВИЙ ВІСК"
70086,"*кремнію діоксид колоїдний зневоднений"
70086,"Тальк"
70077,"Етанол"
70077,"*хвоща польового трави (equiseti arvensis herba)"
70077,"*софори японської плоди"
70077,"*каштана кінського насіння (hippocastani semen)"
70077,"*глоду плоди (crataegi fructus)"
70077,"Trifolium"
70077,"*барвінку трава (vincae minoris herba)"
70077,"*омели білої пагони та листя"
70046,"Етанол"
70046,"*омели білої пагони та листя"
70046,"*хвоща польового трави (equiseti arvensis herba)"
70046,"*софори японської плоди"
70046,"*каштана кінського насіння (hippocastani semen)"
70046,"*глоду плоди (crataegi fructus)"
70046,"Trifolium"
70046,"*барвінку трава (vincae minoris herba)"
70034,"ЕТАНОЛ 30%"
70034,"ЛИСТЯ ПЛЮЩА, СУХИЙ ЕКСТРАКТ"
70034,"Калію сорбат"
70034,"Лимонної кислоти моногідрат"
70034,"Ксантанова камедь"
70034,"Ароматизатор "Лимон""
70034,"СОРБІТ, РІДКИЙ (НЕКРИСТАЛІЗУЮЧИЙ)"
70034,"ВОДА, ОЧИЩЕНА"
70030,"ВОДА, ОЧИЩЕНА"
70030,"*збору седативного екстракт сухий"
70030,"Натрію бензоат"
70030,"*сорбіт"
70030,"Аспартам"
70030,"*поліетиленгліколь"
70030,"*гліцерин"
70030,"Пропіленгліколь"
70030,"ВОДА, ОЧИЩЕНА"
70030,"МЕТИЛПАРАГІДРОКСИБЕНЗОАТ ЄВР. ФАРМ."
70030,"Пропілпарагідроксибензоат"
70030,"Ароматизатор "Лимон""
70029,"ВОДА, ОЧИЩЕНА"
70029,"*збору седативного екстракт сухий"
70029,"Пропіленгліколь"
70029,"ВОДА, ОЧИЩЕНА"
70029,"МЕТИЛПАРАГІДРОКСИБЕНЗОАТ ЄВР. ФАРМ."
70029,"Пропілпарагідроксибензоат"
70029,"Ароматизатор "Лимон""
70029,"Натрію бензоат"
70029,"*сорбіт"
70029,"Аспартам"
70029,"*поліетиленгліколь"
70029,"*гліцерин"
70028,"ВОДА, ОЧИЩЕНА"
70028,"*збору седативного екстракт сухий"
70028,"Натрію бензоат"
70028,"*сорбіт"
70028,"Аспартам"
70028,"*поліетиленгліколь"
70028,"*гліцерин"
70028,"Пропіленгліколь"
70028,"ВОДА, ОЧИЩЕНА"
70028,"МЕТИЛПАРАГІДРОКСИБЕНЗОАТ ЄВР. ФАРМ."
70028,"Пропілпарагідроксибензоат"
70028,"Ароматизатор "Лимон""
70019,"ЕТАНОЛ 70%"
70019,"*аїру корені (calami radix)"
70019,"*берези бруньки"
70019,"URTICAE RADIX"
70019,"*leonuri cardiacae herba (собачої кропиви трава)"
70019,"*ромашки квітки"
70019,"*софори японської плоди"
70019,"*чистотілу трава"
70019,"ЛИСТ ШАВЛІЇ (SALVIA OFFICINALIS)"
70019,"*буркуну трава (meliloti herba)"
70018,"ЕТАНОЛ 70%"
70018,"*аїру корені (calami radix)"
70018,"*берези бруньки"
70018,"URTICAE RADIX"
70018,"*leonuri cardiacae herba (собачої кропиви трава)"
70018,"*ромашки квітки"
70018,"*софори японської плоди"
70018,"*чистотілу трава"
70018,"ЛИСТ ШАВЛІЇ (SALVIA OFFICINALIS)"
70018,"*буркуну трава (meliloti herba)"
70012,"ЛІПІДОСТЕРИНОВИЙ ЕКСТРАКТ SERENOA REPENS"
70012,"ЖЕЛАТИН"
70012,"*гліцерин"
70012,"Титану діоксид"
70012,"ОКСИД ЗАЛІЗА ЧОРНИЙ (E172)"
70012,"ЗАЛІЗА ОКСИД ЧЕРВОНИЙ (E172)"
70011,"ЛІПІДОСТЕРИНОВИЙ ЕКСТРАКТ SERENOA REPENS"
70011,"ЖЕЛАТИН"
70011,"*гліцерин"
70011,"Титану діоксид"
70011,"ОКСИД ЗАЛІЗА ЧОРНИЙ (E172)"
70011,"ЗАЛІЗА ОКСИД ЧЕРВОНИЙ (E172)"
70001,"ПАНКРЕАТИН"
70001,"Лактози моногідрат"
70001,"Натрію хлорид"
70001,"СТЕАРАТ КАЛЬЦІЮ"
70001,"Кроскармелоза натрію"
70001,"Повідон"
70001,"*кремнію діоксид колоїдний зневоднений"
70001,"Триетилцитрат"
70001,"Acryl-EZE 93A18597 біле"
